,league_id,season,stage,date,match_id,home_team_id,away_team_id,home_team_goal,away_team_goal,scored_by,assisted_by,cards_home_team,cards_away_team,corners_home_team,corners_away_team,shoton_home_team,shoton_away_team,shotoff_home_team,shotoff_away_team,cross_home_team,cross_away_team,possession_home_team,possession_away_team
0,1729,2008/2009,1,2008-08-17 00:00:00,489042,10260,10261,1,1,37799;24148,38807;24154,3,0,6,6,11,1,10,9,24,9,55,45
1,1729,2008/2009,10,2008-10-29 00:00:00,489132,10260,8654,2,0,30893;30893,40945;27430,1,2,3,1,11,3,8,3,14,6,60,40
2,1729,2008/2009,11,2008-11-01 00:00:00,489142,10260,8667,4,3,30893;26143;34944;30893;30865;32577;39073,27430;23022;27430;40945;30829,2,2,9,1,7,3,9,4,12,8,50,50
3,1729,2008/2009,12,2008-11-08 00:00:00,489152,9825,10260,2,1,26181;26181;38994,30613,3,2,5,6,6,9,6,10,16,20,52,48
4,1729,2008/2009,13,2008-11-15 00:00:00,489162,10260,10194,5,0,30893;34944;27430;113836;30893,30893;38817;111975,1,2,3,0,11,0,6,2,17,12,58,42
5,1729,2008/2009,14,2008-11-22 00:00:00,489175,10252,10260,0,0,,,1,0,3,6,7,5,3,6,13,18,40,60
6,1729,2008/2009,15,2008-11-30 00:00:00,489187,8456,10260,0,1,30829,34944,2,6,3,8,1,8,8,5,13,19,49,51
7,1729,2008/2009,16,2008-12-06 00:00:00,489192,10260,8472,1,0,30865,,1,0,10,1,10,1,14,0,50,4,80,20
8,1729,2008/2009,17,2008-12-13 00:00:00,489204,8586,10260,0,0,,,1,1,4,14,5,10,5,5,14,28,38,62
9,1729,2008/2009,18,2009-01-14 00:00:00,489212,10260,8528,1,0,30829,30893,0,3,4,6,6,5,5,10,18,22,50,50
10,1729,2008/2009,19,2008-12-26 00:00:00,489230,10194,10260,0,1,38817,27430,5,2,6,9,4,8,3,9,15,23,48,52
11,1729,2008/2009,2,2008-08-25 00:00:00,489059,8462,10260,0,1,24148,32569,2,2,4,3,4,7,8,5,17,13,36,64
12,1729,2008/2009,20,2008-12-29 00:00:00,489233,10260,8549,1,0,27430,,2,0,8,4,12,2,18,6,25,16,53,47
13,1729,2008/2009,21,2009-01-11 00:00:00,489243,10260,8455,3,0,30865;30829;27430,27430;32569;30893,3,5,6,3,6,6,5,4,14,13,56,44
14,1729,2008/2009,22,2009-01-17 00:00:00,489259,8559,10260,0,1,27430,38817,1,1,1,8,3,13,5,5,16,19,41,59
15,1729,2008/2009,23,2009-01-27 00:00:00,489266,8659,10260,0,5,27430;38817;30865;30893;30893,34944;24154;24154;27430,6,2,5,4,4,6,10,6,14,10,39,61
16,1729,2008/2009,24,2009-01-31 00:00:00,489273,10260,8668,1,0,30893,,0,0,6,2,11,5,7,3,17,13,52,48
17,1729,2008/2009,25,2009-02-08 00:00:00,489285,8654,10260,0,1,24154,30373,1,1,5,11,5,8,8,8,25,32,47,53
18,1729,2008/2009,26,2009-02-21 00:00:00,489293,10260,8655,2,1,30829;30646;30893,40945;37764,2,2,4,6,5,6,9,8,16,24,58,42
19,1729,2008/2009,27,2009-04-22 00:00:00,489303,10260,8462,2,0,30829;34944,24154;30373,1,0,6,2,12,2,6,3,18,9,52,48
20,1729,2008/2009,28,2009-03-04 00:00:00,489319,10261,10260,1,2,36412;30829;27430,33852;24150;30802,2,2,3,10,5,7,4,5,13,19,37,63
21,1729,2008/2009,29,2009-03-14 00:00:00,489323,10260,8650,1,4,30893;30853;30618;34222;39647,22764;30660,3,3,10,3,8,3,8,2,23,10,61,39
22,1729,2008/2009,3,2009-02-18 00:00:00,489062,10260,9879,3,0,30373;27430;30829,34944;24150;30802,1,1,11,2,8,1,10,5,22,11,55,45
23,1729,2008/2009,30,2009-03-21 00:00:00,489338,9879,10260,2,0,30338;24737,31907,2,6,3,4,11,13,9,6,16,13,54,46
24,1729,2008/2009,31,2009-04-05 00:00:00,489343,10260,10252,3,2,30893;26165;23264;30893;165709,24154;23782;26165;34944;24154,1,2,8,4,6,4,7,3,29,18,53,47
25,1729,2008/2009,32,2009-04-11 00:00:00,489354,8472,10260,1,2,30373;30988;165709,30829;24655;34944,1,2,5,4,7,4,8,11,23,14,50,50
26,1729,2008/2009,33,2009-05-13 00:00:00,489371,8528,10260,1,2,71550;38817;34944,25150;34944;24150,0,0,5,4,6,6,6,10,13,21,48,52
27,1729,2008/2009,34,2009-04-25 00:00:00,489373,10260,8586,5,2,23949;31097;30893;30829;30893;30829;27430,46403;30895;38817;30829;30893,3,3,6,2,12,2,6,2,24,10,53,47
28,1729,2008/2009,35,2009-05-02 00:00:00,489387,8549,10260,0,2,24154;30802,30865;30829,1,1,3,3,8,3,7,9,22,6,44,56
29,1729,2008/2009,36,2009-05-10 00:00:00,489393,10260,8456,2,0,30893;38817,27430,1,1,8,7,6,5,6,5,19,23,49,51
30,1729,2008/2009,37,2009-05-16 00:00:00,489403,10260,9825,0,0,,,0,5,2,6,3,10,8,5,13,22,50,50
31,1729,2008/2009,38,2009-05-24 00:00:00,489421,8667,10260,0,1,24156,165709,2,1,8,2,9,4,4,7,25,10,52,48
32,1729,2008/2009,4,2008-09-13 00:00:00,489072,8650,10260,2,1,38817;30915,27430;37139,0,4,5,4,10,4,6,3,23,14,50,50
33,1729,2008/2009,5,2008-09-21 00:00:00,489091,8455,10260,1,1,30802;31906,27430;30631,1,7,7,4,16,8,9,6,32,13,50,50
34,1729,2008/2009,6,2008-09-27 00:00:00,489092,10260,8559,2,0,30893;30829,30893,0,3,16,4,19,5,11,5,30,14,79,21
35,1729,2008/2009,7,2008-10-04 00:00:00,489107,8655,10260,0,2,30362;30829,30829;30893,2,1,3,4,4,8,3,8,16,24,39,61
36,1729,2008/2009,8,2008-10-18 00:00:00,489112,10260,8659,4,0,30829;30893;27430;40945,27430;30829;40945;30829,0,1,15,1,10,2,5,4,32,6,78,22
37,1729,2008/2009,9,2008-10-25 00:00:00,489125,8668,10260,1,1,24148;39618,24154;30371,3,3,6,9,10,10,4,9,20,17,57,43
38,1729,2009/2010,1,2009-08-16 00:00:00,658571,10260,8658,1,0,30829,,1,1,12,2,18,3,11,3,27,16,55,45
39,1729,2009/2010,10,2009-10-25 00:00:00,658707,8650,10260,2,0,30853;41175,24800;95327,3,4,5,1,6,7,6,3,14,10,49,51
40,1729,2009/2010,11,2009-10-31 00:00:00,658710,10260,8655,2,0,27430;30829,32569;40961,0,2,7,2,9,2,10,2,35,4,65,35
41,1729,2009/2010,12,2009-11-08 00:00:00,658728,8455,10260,1,0,30627,30631,3,3,0,7,6,8,3,11,12,19,52,48
42,1729,2009/2010,13,2009-11-21 00:00:00,658796,10260,8668,3,0,24148;34944;35327,35327;24154;30373,2,2,13,4,7,6,6,6,40,8,67,33
43,1729,2009/2010,14,2009-11-28 00:00:00,658799,8462,10260,1,4,30829;27335;30829;30829;24154,24154,4,3,4,8,11,4,9,6,14,19,46,54
44,1729,2009/2010,15,2009-12-05 00:00:00,658810,8654,10260,0,4,30373;24156;35327;30829,24154;40961;35327,0,1,2,8,6,3,4,9,4,26,41,59
45,1729,2009/2010,16,2009-12-12 00:00:00,658819,10260,10252,0,1,23264,23354,1,1,9,4,10,4,8,4,29,17,57,43
46,1729,2009/2010,17,2009-12-15 00:00:00,658832,10260,8602,3,0,30829;30865;35327,24156;27430,1,1,8,2,11,1,4,3,26,9,63,37
47,1729,2009/2010,18,2009-12-19 00:00:00,658845,9879,10260,3,0,30338;24741;34574,30956;24741,0,1,5,2,6,5,4,11,14,18,50,50
48,1729,2009/2010,19,2009-12-27 00:00:00,658921,8667,10260,1,3,30829;23034;27430,24148;30829,0,2,5,6,5,9,7,6,13,25,58,42
49,1729,2009/2010,2,2009-08-19 00:00:00,658589,8191,10260,1,0,23074,,2,1,1,12,2,10,6,9,10,37,36,64
50,1729,2009/2010,20,2009-12-30 00:00:00,658935,10260,8528,5,0,30829;34944;38994;27430;35327,38994;35327;24148;35327;30829,0,1,7,3,9,5,8,6,38,7,65,35
51,1729,2009/2010,21,2010-01-09 00:00:00,658944,8658,10260,1,1,31953,,2,2,2,12,5,13,2,5,11,39,33,67
52,1729,2009/2010,22,2010-01-16 00:00:00,658950,10260,8191,3,0,27430;30829;72735,30829;27430;35327,0,0,7,1,10,8,14,6,24,6,61,39
53,1729,2009/2010,23,2010-01-23 00:00:00,658960,10260,8667,4,0,30829;30829;30829;30829,30373;24156;40945;27430,1,1,12,8,10,4,11,7,28,16,58,42
54,1729,2009/2010,24,2010-01-31 00:00:00,658974,9825,10260,1,3,40945;30829;30802;26005,40945;34944,1,0,8,4,2,3,10,5,17,19,55,45
55,1729,2009/2010,25,2010-02-06 00:00:00,658976,10260,8462,5,0,30829;34944;27430,24148;30829,1,4,12,1,7,5,12,2,29,3,60,40
56,1729,2009/2010,26,2010-02-10 00:00:00,659075,10252,10260,1,1,33863,,0,2,1,7,4,7,5,5,12,26,43,57
57,1729,2009/2010,27,2010-02-20 00:00:00,659082,8668,10260,3,1,27430;10491;46810;109058,35327;36012;24011,5,1,4,12,4,2,3,8,26,31,51,49
58,1729,2009/2010,28,2010-02-23 00:00:00,659091,10260,8654,3,0,30829;30829;30619,35327;35327;30373,0,1,6,7,8,8,3,6,26,26,60,40
59,1729,2009/2010,29,2010-03-06 00:00:00,659106,8602,10260,0,1,30373,,2,1,2,3,7,4,6,7,13,18,43,57
60,1729,2009/2010,3,2009-08-22 00:00:00,658602,8528,10260,0,5,30829;27430;30829;30619;40945,35327;30373;27430;40945,2,2,3,5,7,9,4,2,16,25,48,52
61,1729,2009/2010,30,2010-03-14 00:00:00,659111,10260,9879,3,0,30829;30829;27430,40945;27430;30802,1,1,11,1,16,5,15,3,33,5,68,32
62,1729,2009/2010,31,2010-03-21 00:00:00,659127,10260,8650,2,1,30853;30829;30802,37139;24148,2,3,1,2,4,1,5,1,13,11,60,40
63,1729,2009/2010,32,2010-03-27 00:00:00,659132,8559,10260,0,4,27430;27430;24156,24148;40945;40945,0,0,11,6,12,4,3,5,17,20,45,55
64,1729,2009/2010,33,2010-04-03 00:00:00,659142,10260,8455,1,2,30630;30822;165709,30679;31906;40945,3,2,2,3,3,3,6,5,22,11,56,44
65,1729,2009/2010,34,2010-04-11 00:00:00,659157,8655,10260,0,0,,,1,2,1,7,7,7,2,8,8,21,44,56
66,1729,2009/2010,35,2010-04-17 00:00:00,659168,8456,10260,0,1,30373,32569,2,1,7,5,4,5,4,8,23,30,47,53
67,1729,2009/2010,36,2010-04-24 00:00:00,659173,10260,8586,3,1,24154;30354;40945;24154,31921;165709,1,0,4,4,7,2,7,6,29,17,58,42
68,1729,2009/2010,37,2010-05-02 00:00:00,659181,8472,10260,0,1,40945,24148,3,2,9,4,5,8,6,7,23,21,42,58
69,1729,2009/2010,38,2010-05-09 00:00:00,659376,10260,10194,4,0,24148;24154;30802,27430;24154,2,0,10,2,11,7,8,0,22,11,55,45
70,1729,2009/2010,4,2009-08-29 00:00:00,658603,10260,9825,2,1,3520;30829,39297,3,6,6,5,6,4,6,7,12,9,47,53
71,1729,2009/2010,5,2009-09-12 00:00:00,658615,8586,10260,1,3,30348;24154;40961;30829,24148,3,3,3,8,7,12,5,3,16,22,49,51
72,1729,2009/2010,6,2009-09-20 00:00:00,658623,10260,8456,4,3,30829;23782;24148;33781;24148;33781;30619,32569;38817;24154;38817;24154;33633;24154,2,2,11,1,8,3,10,4,47,10,60,40
73,1729,2009/2010,7,2009-09-26 00:00:00,658673,10194,10260,0,2,27430;24150,24154;24154,1,1,2,7,1,5,1,6,6,21,41,59
74,1729,2009/2010,8,2009-10-03 00:00:00,658679,10260,8472,2,2,23949;27430;30988,25150;24150;17866,2,4,14,1,13,1,6,1,44,10,54,46
75,1729,2009/2010,9,2009-10-17 00:00:00,658690,10260,8559,2,1,35327;24372,30615;23934,0,1,12,1,8,10,7,8,27,11,52,48
76,1729,2010/2011,1,2010-08-16 00:00:00,839802,10260,10261,3,0,27430;24148;24154,30373;30829;30373,2,2,5,3,7,4,9,3,34,11,50,50
77,1729,2010/2011,10,2010-10-30 00:00:00,839904,10260,8586,2,0,30865;40945,40945,0,3,1,4,8,6,9,7,5,19,48,52
78,1729,2010/2011,11,2010-11-06 00:00:00,839914,10260,8602,2,1,30802;34433;30802,24148;31317;24148,1,0,3,2,8,3,7,3,28,13,50,50
79,1729,2010/2011,12,2010-11-10 00:00:00,839932,8456,10260,0,0,,,0,2,8,5,3,8,6,4,21,17,50,50
80,1729,2010/2011,13,2010-11-13 00:00:00,839936,10252,10260,2,2,23354;139671;165709;30865,30892;24148;40945,3,4,9,7,5,6,9,8,39,24,50,50
81,1729,2010/2011,14,2010-11-20 00:00:00,839944,10260,8528,2,0,32569;70409,30802;38994,0,4,11,1,7,4,7,6,48,5,50,50
82,1729,2010/2011,15,2010-11-27 00:00:00,839954,10260,8655,7,1,27430;30802;27430;27430;40945;27430;27430;19020,30829;30829;40945;40961;213063,0,2,5,2,5,1,4,2,25,14,50,50
83,1729,2010/2011,16,2011-01-25 00:00:00,839971,8483,10260,2,3,40548;21853;27430;70409;27430,39109;39109;24148;24154;30373,1,2,6,8,2,11,4,6,21,38,50,50
84,1729,2010/2011,17,2010-12-13 00:00:00,839974,10260,9825,1,0,30802,,0,4,5,4,8,4,4,6,11,12,50,50
85,1729,2010/2011,18,2011-03-01 00:00:00,839993,8455,10260,2,1,30829;52133;30631,40945;31306,3,3,10,2,6,6,14,5,33,19,50,50
86,1729,2010/2011,19,2010-12-26 00:00:00,839994,10260,8472,2,0,27430,30829,0,2,5,3,8,1,6,5,19,17,50,50
87,1729,2010/2011,2,2010-08-22 00:00:00,839829,9879,10260,2,2,30373;24020;26777,27430;24741;34574,2,2,5,11,10,10,10,10,29,44,50,50
88,1729,2010/2011,20,2010-12-28 00:00:00,840009,8658,10260,1,1,27430;33049,24156;38567,3,3,4,4,2,5,9,8,19,18,50,50
89,1729,2010/2011,21,2011-01-01 00:00:00,840061,8659,10260,1,2,30829;24171;70409,32569;30829,1,3,4,5,8,1,10,2,12,12,47,53
90,1729,2010/2011,22,2011-01-04 00:00:00,840065,10260,10194,2,1,70409;24411;40945,40945;42183;70409,0,0,6,1,7,0,14,4,25,16,50,50
91,1729,2010/2011,23,2011-01-16 00:00:00,840077,8586,10260,0,0,,,2,5,8,2,10,3,12,4,34,14,50,50
92,1729,2010/2011,24,2011-01-22 00:00:00,840085,10260,8658,5,0,27430;27430;24154;27430;40945,24150;30829;30829;24154;24150,0,0,10,3,4,2,13,4,37,16,57,43
93,1729,2010/2011,25,2011-02-01 00:00:00,840095,10260,10252,3,1,30829;30829;23949;30865,30726;40945;30892;30829,0,0,5,5,11,5,8,5,23,22,50,50
94,1729,2010/2011,26,2011-02-05 00:00:00,840111,8602,10260,2,1,40945;23435;23291,24148;23538;31317,2,2,4,6,4,5,2,10,15,37,50,50
95,1729,2010/2011,27,2011-02-12 00:00:00,840115,10260,8456,2,1,40945;37459;30829,24154;15403;40945,2,2,4,7,3,8,6,5,24,21,52,48
96,1729,2010/2011,28,2011-02-26 00:00:00,840133,8528,10260,0,4,70409;70409;30829;150176,40945;30829;27430;24148,0,1,8,3,5,7,5,8,31,17,40,60
97,1729,2010/2011,29,2011-03-06 00:00:00,840136,8650,10260,3,1,37139;37139;37139;70409,40636;40636;24154,2,3,6,4,7,6,9,6,19,25,50,50
98,1729,2010/2011,3,2010-08-28 00:00:00,839834,10260,8654,3,0,30829;40945;27430,30829;40945,1,2,9,3,7,3,10,5,34,16,50,50
99,1729,2010/2011,30,2011-03-19 00:00:00,840145,10260,8559,1,0,27430,40945,1,0,12,5,9,6,8,11,31,17,50,50
100,1729,2010/2011,31,2011-04-02 00:00:00,840156,8654,10260,2,4,37169;37169;30829;30829;30829;70409,35327;24154,1,2,0,16,2,8,4,13,13,45,36,64
101,1729,2010/2011,32,2011-04-09 00:00:00,840165,10260,9879,2,0,27430;35327,40945;40945,0,0,8,3,8,4,7,10,19,17,50,50
102,1729,2010/2011,33,2011-04-19 00:00:00,840178,10261,10260,0,0,,,2,2,6,7,5,9,10,11,23,26,50,50
103,1729,2010/2011,34,2011-04-23 00:00:00,840185,10260,8668,1,0,70409,35327,1,2,13,1,11,4,10,2,46,12,50,50
104,1729,2010/2011,35,2011-05-01 00:00:00,840195,9825,10260,1,0,75489,30843,2,3,3,6,2,7,7,4,22,19,46,54
105,1729,2010/2011,36,2011-05-08 00:00:00,840205,10260,8455,2,1,70409;30865;30631,30802;24154;31306,2,4,7,2,6,8,7,8,16,17,50,50
106,1729,2010/2011,37,2011-05-14 00:00:00,840219,8655,10260,1,1,30842;30829,25667,3,0,2,6,1,3,3,5,3,13,50,50
107,1729,2010/2011,38,2011-05-22 00:00:00,840225,10260,8483,4,2,30802;39109;23464;40961;30619,27430;40563;30802;40961,2,1,8,8,7,7,9,6,29,23,55,45
108,1729,2010/2011,4,2010-09-11 00:00:00,839846,8668,10260,3,3,36012;24148;30865;27430;30876;24011,24006;40945;40945;30373;24846;39618,1,1,7,5,12,3,12,7,31,19,50,50
109,1729,2010/2011,5,2010-09-19 00:00:00,839854,10260,8650,3,2,27430;27430;30618;30618;27430,24154;40945;24150,4,1,6,1,5,0,8,5,37,11,50,50
110,1729,2010/2011,6,2010-09-26 00:00:00,839872,8559,10260,2,2,40128;40945;33633;30619,33633;34261;40945,1,2,7,12,4,6,10,6,14,35,50,50
111,1729,2010/2011,7,2010-10-02 00:00:00,839875,8472,10260,0,0,,,1,2,10,4,13,6,8,6,31,19,50,50
112,1729,2010/2011,8,2010-10-16 00:00:00,839884,10260,8659,2,2,70409;40945;33790,40945;27430;23257,1,2,3,2,10,2,9,9,22,15,50,50
113,1729,2010/2011,9,2010-10-24 00:00:00,839901,10194,10260,1,2,70409;42183;70409,30865;47418;32569,2,2,5,6,2,5,6,8,32,22,47,53
114,1729,2011/2012,1,2011-08-14 00:00:00,1024191,8659,10260,1,2,30829;23293,23354;23257,3,2,6,5,7,4,7,8,16,23,50,50
115,1729,2011/2012,10,2011-10-29 00:00:00,1024675,8668,10260,0,1,70409,32569,3,0,4,1,11,5,7,1,25,8,50,50
116,1729,2011/2012,11,2011-11-05 00:00:00,1024759,10260,8472,1,0,,,0,2,6,2,10,2,6,7,22,13,50,50
117,1729,2011/2012,12,2011-11-19 00:00:00,1024815,10003,10260,0,1,70409,24154,0,1,6,2,5,6,2,7,25,16,53,47
118,1729,2011/2012,13,2011-11-26 00:00:00,1024845,10260,10261,1,1,70409;35411,,1,5,11,3,15,5,12,4,29,12,70,30
119,1729,2011/2012,14,2011-12-03 00:00:00,1024882,10252,10260,0,1,186137,40945,0,0,5,5,4,7,6,6,15,16,50,50
120,1729,2011/2012,15,2011-12-10 00:00:00,1024940,10260,8602,4,1,40945;30829;32627;40945;30829,35327;40945;23538;35327;35327,1,0,8,3,11,6,7,3,22,26,58,42
121,1729,2011/2012,16,2011-12-18 00:00:00,1025001,10172,10260,0,2,30829;34944,35327,1,2,5,10,4,13,8,8,24,16,50,50
122,1729,2011/2012,17,2011-12-21 00:00:00,1025054,9879,10260,0,5,113836;40945;24154;30829;27430,40945;24154;40945;24154;35327,1,0,3,10,9,7,5,5,9,16,31,69
123,1729,2011/2012,18,2011-12-26 00:00:00,1025092,10260,8528,5,0,30802;27430;27430;35327;27430,32569;24156;35327;34944,2,2,10,2,4,5,10,4,26,7,61,39
124,1729,2011/2012,19,2011-12-31 00:00:00,1025144,10260,8655,2,3,24160;24160;27430;27430;202180,38994;35327,2,2,17,3,13,2,16,5,51,4,50,50
125,1729,2011/2012,2,2011-08-22 00:00:00,1024308,10260,8586,3,0,113836;40961;30829,160713;113836;24154,1,2,11,3,17,11,8,8,28,9,50,50
126,1729,2011/2012,20,2012-01-04 00:00:00,1025212,10261,10260,3,0,35411;26160,24225,1,2,3,4,4,6,4,2,14,18,50,50
127,1729,2011/2012,21,2012-01-14 00:00:00,1025255,10260,8559,3,0,30373;113836;34944,30829;30829;24154,0,1,11,3,8,6,12,6,22,9,50,50
128,1729,2011/2012,22,2012-01-22 00:00:00,1025274,9825,10260,1,2,35327;30843;113836,24154;196386;35327,5,2,0,5,6,4,7,5,15,17,50,50
129,1729,2011/2012,23,2012-01-31 00:00:00,1025410,10260,10194,2,0,70409;27430,,1,3,9,2,10,4,4,5,17,12,50,50
130,1729,2011/2012,24,2012-02-05 00:00:00,1025473,8455,10260,3,3,41468;52133;30829;30829;70409,30853;41468;24154,2,1,6,6,6,9,11,4,15,20,50,50
131,1729,2011/2012,25,2012-02-11 00:00:00,1025531,10260,8650,2,1,30829;30829;40636,24154;35327;39109,1,1,4,3,4,4,5,4,9,12,51,49
132,1729,2011/2012,26,2012-02-26 00:00:00,1025582,9850,10260,1,2,30373;24698;24154,40945;33076;23354,1,2,4,4,7,7,7,3,23,23,52,48
133,1729,2011/2012,27,2012-03-04 00:00:00,1025653,8586,10260,1,3,30829;23354;23354;30348,23354;40945;32569,1,2,7,3,7,2,9,1,25,10,50,50
134,1729,2011/2012,28,2012-03-11 00:00:00,1025699,10260,8659,2,0,30829;30829,70409,0,2,8,5,9,3,10,3,20,10,50,50
135,1729,2011/2012,29,2012-03-18 00:00:00,1025765,8602,10260,0,5,43248;35327;113836;70409;70409,34944;30829;35327;38994;35327,2,1,4,7,3,10,2,8,13,18,50,50
136,1729,2011/2012,3,2011-08-28 00:00:00,1024348,10260,9825,8,2,113836;23354;30829;31013;30829;40945;30802;30843;30829;23354,40961;23354;31435;23354;30829;23354;214685;24154,2,4,3,5,7,8,9,6,14,13,59,41
137,1729,2011/2012,30,2012-03-26 00:00:00,1025790,10260,9879,1,0,30829,43248,1,0,7,1,15,5,3,1,22,6,60,40
138,1729,2011/2012,31,2012-04-02 00:00:00,1025820,8655,10260,0,2,35327;23354,38994;35327,1,1,2,10,7,8,5,6,15,37,50,50
139,1729,2011/2012,32,2012-04-08 00:00:00,1025884,10260,10172,2,0,30829;30373,38994,1,1,11,5,15,3,14,6,29,7,50,50
140,1729,2011/2012,33,2012-04-11 00:00:00,1025942,8528,10260,1,0,41061,38254,1,2,7,3,8,3,4,6,8,16,53,47
141,1729,2011/2012,34,2012-04-15 00:00:00,1025969,10260,10252,4,0,30829;113836;30829;40945,32569;35327;43248,3,3,11,4,11,2,10,7,17,6,50,50
142,1729,2011/2012,35,2012-04-22 00:00:00,1026031,10260,8668,4,4,8922;30829;113836;40945;39618;30829;8922;36012,24023;40945;40945;113836;24023;113836;39618,1,2,5,2,8,6,10,7,32,11,54,46
143,1729,2011/2012,36,2012-04-30 00:00:00,1026062,8456,10260,1,0,39027,37459,3,2,8,8,4,4,10,3,22,19,50,50
144,1729,2011/2012,37,2012-05-06 00:00:00,1026135,10260,10003,2,0,30373;23354,34944;30829,1,0,16,3,16,7,10,4,41,9,54,46
145,1729,2011/2012,38,2012-05-13 00:00:00,1026188,8472,10260,0,1,30829,186137,3,3,1,9,4,9,4,8,11,20,50,50
146,1729,2011/2012,4,2011-09-10 00:00:00,1024401,8559,10260,0,5,70409;30829;30829;70409;30829,40945;186137;186137;34944;40945,2,0,5,7,8,6,10,4,25,18,43,57
147,1729,2011/2012,5,2011-09-18 00:00:00,1024452,10260,8455,3,1,165823;40945;30829;30853,23354;43248;40945;37804,2,3,5,10,4,8,6,13,18,24,50,50
148,1729,2011/2012,6,2011-09-24 00:00:00,1024506,10194,10260,1,1,40945;30830,24148;24773,1,0,8,8,8,7,4,6,31,17,50,50
149,1729,2011/2012,7,2011-10-01 00:00:00,1024542,10260,9850,2,0,40961;113836,30829;30802,1,0,10,3,7,5,12,8,33,11,50,50
150,1729,2011/2012,8,2011-10-15 00:00:00,1024573,8650,10260,1,1,30618;70409,113836,1,3,8,3,8,2,7,8,28,13,50,50
151,1729,2011/2012,9,2011-10-23 00:00:00,1024649,10260,8456,1,6,108808;108808;37412;24148;15403;37459;15403,38807;38807;24208;70409;33086;15403;37459,5,4,7,4,7,6,5,9,22,10,50,50
152,1729,2012/2013,1,2012-08-20 00:00:00,1228230,8668,10260,1,0,39618,24156,1,2,6,8,7,9,11,4,23,31,44,56
153,1729,2012/2013,10,2012-11-03 00:00:00,1229198,10260,9825,2,1,30843;32569;37436,30829,5,4,6,1,6,1,4,4,28,16,48,52
154,1729,2012/2013,11,2012-11-10 00:00:00,1229209,10252,10260,2,3,184360;184360;70409;70409,148315;23264;30373;30843,1,1,5,6,3,8,4,10,22,39,34,66
155,1729,2012/2013,12,2012-11-17 00:00:00,1229223,9850,10260,1,0,47194,33963,0,1,0,12,3,6,4,4,6,27,50,50
156,1729,2012/2013,13,2012-11-24 00:00:00,1229232,10260,10172,3,1,32084;43248;24148;70409,113836;30829;40961,1,1,9,7,7,7,6,5,27,13,60,40
157,1729,2012/2013,14,2012-11-28 00:00:00,1229240,10260,8654,1,0,30843,34944,1,1,5,5,11,3,11,7,27,32,52,48
158,1729,2012/2013,15,2012-12-01 00:00:00,1229258,9798,10260,3,4,113005;40961;30829;24952;117545;30829;30843,23354;23282;23282;32569;30829,1,1,6,1,6,3,4,5,28,13,50,50
159,1729,2012/2013,16,2012-12-09 00:00:00,1229267,8456,10260,2,3,30829;30829;36615;30509;30843,23354;38994;38817,4,3,8,2,8,1,5,5,21,14,53,47
160,1729,2012/2013,17,2012-12-15 00:00:00,1229275,10260,8472,3,1,30843;160713;30829;24157,34944;30843;33468,0,0,9,9,2,9,12,4,23,30,50,50
161,1729,2012/2013,18,2012-12-23 00:00:00,1229289,10003,10260,1,1,32569;118528,30843,2,4,3,6,8,12,4,8,16,25,50,50
162,1729,2012/2013,19,2012-12-26 00:00:00,1229300,10260,10261,4,3,23579;43248;32569;46700;30843;70409,39968;34944;34944,3,3,2,2,4,9,7,6,26,23,50,50
163,1729,2012/2013,2,2012-08-25 00:00:00,1228293,10260,9879,3,2,34574;30843;144993;38994,38229;32569;160713;23354,0,1,8,8,7,7,9,3,40,16,50,50
164,1729,2012/2013,20,2012-12-29 00:00:00,1229310,10260,8659,2,0,30843,35327,1,0,9,6,12,11,8,5,22,27,50,50
165,1729,2012/2013,21,2013-01-01 00:00:00,1229328,8528,10260,0,4,70409;30843;70409;30843,70409;113836,1,1,1,6,3,7,4,4,14,25,50,50
166,1729,2012/2013,22,2013-01-13 00:00:00,1229333,10260,8650,2,1,30843;30865;51553,32569;32569,1,4,3,1,6,5,6,7,15,14,58,42
167,1729,2012/2013,23,2013-01-20 00:00:00,1229346,8586,10260,1,1,30843;30956,160713;30895,1,4,9,4,16,3,8,2,37,18,52,48
168,1729,2012/2013,24,2013-01-30 00:00:00,1229352,10260,8466,2,1,109491;30829;30829,144993;32569,2,1,4,8,5,9,5,10,19,22,50,50
169,1729,2012/2013,25,2013-02-02 00:00:00,1229363,9879,10260,0,1,30829,43248,1,1,5,8,9,8,8,8,25,31,50,50
170,1729,2012/2013,26,2013-02-10 00:00:00,1229376,10260,8668,2,0,24154;30843,30843;38994,0,2,7,6,4,8,4,2,28,27,53,47
171,1729,2012/2013,27,2013-02-23 00:00:00,1229391,10172,10260,0,2,38994;24154,40945,0,0,2,3,5,7,8,5,25,22,50,50
172,1729,2012/2013,28,2013-03-02 00:00:00,1229400,10260,9850,4,0,144993;144993;144993;30829,30843;30829;30829;113836,0,4,7,3,5,0,6,2,25,11,50,50
173,1729,2012/2013,29,2013-04-17 00:00:00,1229417,8654,10260,2,2,23936;35327;40015;30843,47382;144993;30668,1,0,2,5,2,8,7,5,22,36,43,57
174,1729,2012/2013,3,2012-09-02 00:00:00,1228305,8466,10260,2,3,39225;30843;46893;30843;30843,35345;35327;39225;30620;40945,1,0,4,7,3,5,8,10,11,21,50,50
175,1729,2012/2013,30,2013-03-16 00:00:00,1229421,10260,9798,1,0,30829,30620,0,2,5,4,6,3,8,2,23,24,58,42
176,1729,2012/2013,31,2013-03-30 00:00:00,1229436,8472,10260,0,1,,,3,1,3,6,2,11,7,3,22,21,50,50
177,1729,2012/2013,32,2013-04-08 00:00:00,1229442,10260,8456,1,2,38807;37412,26181;36615,3,5,9,4,7,5,9,6,40,20,51,49
178,1729,2012/2013,33,2013-04-14 00:00:00,1229459,10194,10260,0,2,34944;30843,,1,1,3,7,4,2,8,6,15,12,50,50
179,1729,2012/2013,34,2013-04-22 00:00:00,1229463,10260,10252,3,0,30843;30843;30843,24154;30829;24154,1,0,5,3,3,7,6,5,27,21,50,50
180,1729,2012/2013,35,2013-04-28 00:00:00,1229471,9825,10260,1,1,31013;30843,31435,3,5,7,2,9,5,8,6,20,13,45,55
181,1729,2012/2013,36,2013-05-05 00:00:00,1229484,10260,8455,0,1,41468,128864,3,1,2,7,3,6,7,9,20,22,48,52
182,1729,2012/2013,37,2013-05-12 00:00:00,1229497,10260,10003,2,1,70409;118528;30620,23305;30843,0,0,7,5,5,3,9,5,24,14,55,45
183,1729,2012/2013,38,2013-05-19 00:00:00,1228315,8659,10260,5,5,144993;118434;24171;181276;30843;70409;181276;71502;181276,70409;160713;32734;24171;35327;24154;30827;22964,0,1,3,5,4,5,9,7,18,27,50,50
184,1729,2012/2013,4,2012-09-15 00:00:00,1228339,10260,8528,4,0,30373;70409;118434;210797,40945;118434;70409,2,2,5,5,6,4,9,5,29,19,55,45
185,1729,2012/2013,5,2012-09-23 00:00:00,1228368,8650,10260,1,2,30618;38994;30843,34036;144993,2,2,7,3,7,4,6,4,29,16,54,46
186,1729,2012/2013,6,2012-09-29 00:00:00,1228445,10260,8586,2,3,37762;31921;40945;30956;144993,31921;41008;30829;30843,0,0,9,5,8,1,8,6,42,11,74,26
187,1729,2012/2013,7,2012-10-07 00:00:00,1229165,10261,10260,0,3,43248;32569;160713,30843;30829;30829,4,4,6,5,2,5,13,6,33,13,44,56
188,1729,2012/2013,8,2012-10-20 00:00:00,1229176,10260,10194,4,2,30829;30843;113836;32148;30829,30843;35327;30829;113836,1,1,3,3,5,4,7,2,15,27,50,50
189,1729,2012/2013,9,2012-10-28 00:00:00,1229187,8455,10260,2,3,30843;41468;79574;70409,35327;128864;38994,4,2,8,6,9,5,2,9,26,18,51,49
190,1729,2013/2014,1,2013-08-17 00:00:00,1474079,10003,10260,1,4,30843;113836;30843;143365;113836,24154;35327;30829;2802;30829,1,3,7,4,6,4,9,3,40,12,50,50
191,1729,2013/2014,10,2013-11-02 00:00:00,1474332,9879,10260,1,3,35327;30843;30829;282274,30829;449241;30843;30352,2,1,4,4,6,1,6,4,19,17,50,50
192,1729,2013/2014,11,2013-11-10 00:00:00,1474368,10260,9825,1,0,30843,30829,2,3,5,6,1,5,3,5,28,29,41,59
193,1729,2013/2014,12,2013-11-24 00:00:00,1474387,8344,10260,2,2,30829;24157;32569;197910,70409;149917;30829;23806,4,2,2,8,3,5,8,8,31,24,50,50
194,1729,2013/2014,13,2013-12-01 00:00:00,1474430,8586,10260,2,2,159833;30829;156727;30829,41008,1,3,7,7,5,1,3,3,24,24,40,60
195,1729,2013/2014,14,2013-12-04 00:00:00,1474459,10260,8668,0,1,193859,181276,2,0,7,4,7,6,9,8,33,12,52,48
196,1729,2013/2014,15,2013-12-07 00:00:00,1474518,10260,10261,0,1,26160,94550,0,2,4,4,6,2,2,6,23,18,48,52
197,1729,2013/2014,16,2013-12-15 00:00:00,1474533,10252,10260,0,3,113836;113836;160713,35327;30829,4,2,3,4,10,3,5,6,22,14,50,50
198,1729,2013/2014,17,2013-12-21 00:00:00,1474576,10260,8654,3,1,113836;449241;23354;34543,30829;113836;30829;91560,1,4,8,2,7,2,9,1,30,20,50,50
199,1729,2013/2014,18,2013-12-26 00:00:00,1474610,8667,10260,2,3,163200;131583;165823;30829,30829,2,4,6,5,5,5,8,5,23,20,38,62
200,1729,2013/2014,19,2013-12-28 00:00:00,1474659,9850,10260,0,1,113836,70409,4,3,8,3,8,4,9,4,28,19,45,55
201,1729,2013/2014,2,2013-08-26 00:00:00,1474133,10260,8455,0,0,,,0,2,4,1,7,6,6,3,24,14,57,43
202,1729,2013/2014,20,2014-01-01 00:00:00,1474698,10260,8586,1,2,30960;157723;113836,157723;449241,2,1,13,2,10,3,6,3,55,9,60,40
203,1729,2013/2014,21,2014-01-11 00:00:00,1474912,10260,10003,2,0,35327;113836,32569,0,2,3,5,4,5,10,8,22,22,39,61
204,1729,2013/2014,22,2014-01-19 00:00:00,1474923,8455,10260,3,1,33639;33639;33639;70409,23783;186137,1,4,5,4,4,5,5,2,10,24,46,54
205,1729,2013/2014,23,2014-01-28 00:00:00,1474937,10260,8344,2,0,30843;23354,41468,0,1,5,5,7,4,8,2,22,22,46,54
206,1729,2013/2014,24,2014-02-01 00:00:00,1474954,10194,10260,2,1,30843;39109,41468;110148,2,2,6,9,6,5,5,8,18,21,50,50
207,1729,2013/2014,25,2014-02-09 00:00:00,1474962,10260,9879,2,2,23283;30843;34944;23949,128827;41468,0,0,10,1,16,2,11,2,72,6,76,24
208,1729,2013/2014,26,2014-02-12 00:00:00,1474968,9825,10260,0,0,,,1,2,5,5,11,2,7,4,25,17,57,43
209,1729,2013/2014,27,2014-02-22 00:00:00,1474984,9826,10260,0,2,30843;30829,32569,0,2,6,4,11,8,3,6,27,17,34,66
210,1729,2013/2014,28,2014-03-25 00:00:00,1474997,10260,8456,0,3,15403;15403;36615,26181,2,2,5,8,7,5,2,5,27,17,52,48
211,1729,2013/2014,29,2014-03-08 00:00:00,1475013,8659,10260,0,3,186137;30829;113836,30843;38994;30829,1,2,3,5,6,5,9,5,28,33,45,55
212,1729,2013/2014,3,2013-09-01 00:00:00,1474162,8650,10260,1,0,51553,25984,2,4,2,7,6,8,4,5,5,32,43,57
213,1729,2013/2014,30,2014-03-16 00:00:00,1475020,10260,8650,0,3,30618;30618;40636,51553,3,4,3,4,6,7,8,7,21,12,50,50
214,1729,2013/2014,31,2014-03-22 00:00:00,1475038,8654,10260,0,2,30829;30829,23354,2,1,12,7,5,5,4,6,45,21,45,55
215,1729,2013/2014,32,2014-03-29 00:00:00,1475043,10260,10252,4,1,182223;30829;30829;41468;70409,144993;449241,2,4,0,5,4,2,1,8,15,23,55,45
216,1729,2013/2014,33,2014-04-05 00:00:00,1475058,10261,10260,0,4,41468;41468;70409;449241,70409;144993;41468,1,0,4,5,6,0,8,6,28,20,44,56
217,1729,2013/2014,34,2014-05-06 00:00:00,1475067,10260,8667,3,1,532741;532741;25389;30843,39618;32304,1,1,7,0,9,1,6,0,20,10,55,45
218,1729,2013/2014,35,2014-04-20 00:00:00,1475078,8668,10260,2,0,24846;26151,77690,2,2,6,5,8,7,8,3,11,27,38,62
219,1729,2013/2014,36,2014-04-26 00:00:00,1475091,10260,9850,4,0,30829;30829;41468;41468,144993;186137;35327,1,1,5,3,12,4,7,6,18,19,64,36
220,1729,2013/2014,37,2014-05-03 00:00:00,1475103,10260,8472,0,1,35443,169721,2,1,8,0,4,1,12,6,44,10,63,37
221,1729,2013/2014,38,2014-05-11 00:00:00,1475116,8466,10260,1,1,39225;41468,23792,3,2,6,2,5,0,4,6,17,17,50,50
222,1729,2013/2014,4,2013-09-14 00:00:00,1474178,10260,9826,2,0,30843;30829,,1,3,10,1,10,0,9,4,42,1,60,40
223,1729,2013/2014,5,2013-09-22 00:00:00,1474200,8456,10260,4,1,37412;36615;37412;26181;30829,16351;75310;75310;33991,1,2,8,4,3,3,8,7,19,24,42,58
224,1729,2013/2014,6,2013-09-28 00:00:00,1474213,10260,8659,1,2,41232;30829;239807,71502;41232,3,2,5,8,10,2,4,8,32,24,59,41
225,1729,2013/2014,7,2013-10-05 00:00:00,1474241,8472,10260,1,2,25075;449241;449241,32569,2,4,4,4,4,5,1,6,17,34,37,63
226,1729,2013/2014,8,2013-10-19 00:00:00,1474262,10260,8466,1,1,30843;37234,114268,2,3,4,4,6,9,5,8,21,22,47,53
227,1729,2013/2014,9,2013-10-26 00:00:00,1474298,10260,10194,3,2,30830;30843;110148;30829;70409,30843;32569,2,6,12,2,5,6,12,2,40,16,66,34
228,1729,2014/2015,1,2014-08-16 00:00:00,1723986,10260,10003,1,2,144996;30829;157729,157729;38831,2,4,4,0,8,3,5,1,28,5,58,42
229,1729,2014/2015,10,2014-11-02 00:00:00,1724079,8456,10260,1,0,37412,31291,3,3,7,4,8,3,5,6,14,13,52,48
230,1729,2014/2015,11,2014-11-08 00:00:00,1724084,10260,9826,1,0,41468,46509,1,3,11,4,9,2,9,5,15,11,72,28
231,1729,2014/2015,12,2014-11-22 00:00:00,1724092,9825,10260,1,2,30829;46469,46509;24011,2,1,11,5,13,1,8,8,15,8,62,38
232,1729,2014/2015,13,2014-11-29 00:00:00,1724104,10260,8667,3,0,165823;30829;30843,30843;164676,2,2,7,0,5,3,7,1,15,7,77,23
233,1729,2014/2015,14,2014-12-02 00:00:00,1724115,10260,10194,2,1,39618;109621;41468,164676,2,4,2,2,1,3,6,1,24,14,64,36
234,1729,2014/2015,15,2014-12-08 00:00:00,1724128,8466,10260,1,2,30843;41280;30843,30829,2,1,5,1,5,0,8,1,13,9,51,49
235,1729,2014/2015,16,2014-12-14 00:00:00,1724138,10260,8650,3,0,30829;41468;30843,35327;30843;41468,4,3,2,7,5,11,2,4,13,9,54,46
236,1729,2014/2015,17,2014-12-20 00:00:00,1724142,10252,10260,1,1,148315;22543,23354,2,1,3,9,6,11,3,5,7,26,35,65
237,1729,2014/2015,18,2014-12-26 00:00:00,1724158,10260,10261,3,1,30829;30829;30843;46700,22543;41468;30829,1,2,4,5,2,4,5,2,12,15,62,38
238,1729,2014/2015,19,2014-12-28 00:00:00,1724170,8586,10260,0,0,,,2,4,3,6,7,7,4,3,20,15,47,53
239,1729,2014/2015,2,2014-08-24 00:00:00,1723999,8472,10260,1,1,41468;109058,35443,0,2,4,4,4,4,6,4,17,18,45,55
240,1729,2014/2015,20,2015-01-01 00:00:00,1724179,10194,10260,1,1,40695;22543,30830;34944,0,0,11,7,4,2,6,4,14,16,35,65
241,1729,2014/2015,21,2015-01-11 00:00:00,1724188,10260,8466,0,1,94267,,2,3,3,5,1,1,7,6,33,15,61,39
242,1729,2014/2015,22,2015-01-17 00:00:00,1724198,10172,10260,0,2,39618;532741,35327,3,2,3,3,7,9,7,1,24,11,36,64
243,1729,2014/2015,23,2015-01-31 00:00:00,1724207,10260,8197,3,1,30843;22543;13423,161012;139671,0,1,4,3,7,0,4,3,21,14,72,28
244,1729,2014/2015,24,2015-02-08 00:00:00,1724221,8654,10260,1,1,148302;161012,,2,4,9,9,8,10,5,7,23,23,41,59
245,1729,2014/2015,25,2015-02-11 00:00:00,1724224,10260,8191,3,1,165823;214426;165823;30843,22543;191869;46509,4,3,5,8,4,3,3,9,17,21,57,43
246,1729,2014/2015,26,2015-02-21 00:00:00,1724240,10003,10260,2,1,164676;144996;26344,46509;127130;127130,2,4,4,10,5,7,3,9,10,31,36,64
247,1729,2014/2015,27,2015-02-28 00:00:00,1724246,10260,8472,2,0,30829;30829,,1,2,12,1,11,2,11,2,23,5,73,27
248,1729,2014/2015,28,2015-03-04 00:00:00,1724259,10261,10260,0,1,23354,,1,2,4,1,2,5,3,5,13,19,31,69
249,1729,2014/2015,29,2015-03-15 00:00:00,1724268,10260,8586,3,0,39618;34944;30829,34944,1,1,4,2,2,2,5,2,12,9,52,48
250,1729,2014/2015,3,2014-08-30 00:00:00,1724003,8191,10260,0,0,,,2,2,3,6,4,4,5,4,11,25,37,63
251,1729,2014/2015,30,2015-03-22 00:00:00,1724274,8650,10260,1,2,41468;41468;51553,164676;46509,3,2,2,3,2,3,3,1,8,11,42,58
252,1729,2014/2015,31,2015-04-04 00:00:00,1724288,10260,10252,3,1,164676;30829;148315;164676,161012;46509;30630;41468,0,1,10,2,8,2,8,2,27,7,77,23
253,1729,2014/2015,32,2015-04-12 00:00:00,1724294,10260,8456,4,2,37412;23354;39618;41468;165823;37412,37459;23354;30829;23354;30509,0,3,1,5,6,4,0,3,14,6,58,42
254,1729,2014/2015,33,2015-04-18 00:00:00,1724304,8455,10260,1,0,107417,128864,3,1,3,7,4,5,3,9,7,17,29,71
255,1729,2014/2015,34,2015-04-26 00:00:00,1724315,8668,10260,3,0,101192;263653;26151,24846;215384,0,2,7,7,5,12,0,5,7,26,36,64
256,1729,2014/2015,35,2015-05-02 00:00:00,1724327,10260,8659,0,1,26527,23257,1,0,9,3,15,3,7,3,30,6,80,20
257,1729,2014/2015,36,2015-05-09 00:00:00,1724335,9826,10260,1,2,41468;35345;39618,23354,0,1,7,6,5,7,5,4,31,13,38,62
258,1729,2014/2015,37,2015-05-17 00:00:00,1724344,10260,9825,1,1,164676,23354,1,0,5,5,7,4,6,2,18,14,58,42
259,1729,2014/2015,38,2015-05-24 00:00:00,1724357,8667,10260,0,0,,,2,3,8,1,8,4,5,3,19,6,40,60
260,1729,2014/2015,4,2014-09-14 00:00:00,1724017,10260,10172,4,0,46509;164676;30829;41468,30829;164676;46509,1,0,3,1,8,4,6,3,17,6,69,31
261,1729,2014/2015,5,2014-09-21 00:00:00,1724025,8197,10260,5,3,30843;46509;26554;164676;23190;30930;286119;26554,22543;30829;286119;46509;286119;67850,1,2,2,4,2,5,5,9,19,17,50,50
262,1729,2014/2015,6,2014-09-27 00:00:00,1724037,10260,8654,2,1,30829;30843;192899,38994;22543,2,3,7,10,3,1,3,6,12,24,58,42
263,1729,2014/2015,7,2014-10-05 00:00:00,1724047,10260,8668,2,1,46509;32705;22543,41468;24846;46509,4,3,11,6,4,6,8,2,19,16,50,50
264,1729,2014/2015,8,2014-10-20 00:00:00,1724061,8659,10260,2,2,33468;39618;239807;161012,265918;46509;23257,1,2,0,11,2,11,3,8,10,33,37,63
265,1729,2014/2015,9,2014-10-26 00:00:00,1724064,10260,8455,1,1,30822;30843,30613,3,7,4,7,6,3,9,4,27,10,52,48
266,1729,2015/2016,1,2015-08-08 00:00:00,1987037,10260,8586,1,0,,,2,3,1,2,6,6,4,2,8,11,51,49
267,1729,2015/2016,10,2015-10-25 00:00:00,1988805,10260,8456,0,0,,,2,2,6,4,1,3,3,4,21,9,60,40
268,1729,2015/2016,11,2015-10-31 00:00:00,1988811,9826,10260,0,0,,,3,3,7,3,9,3,6,2,17,15,45,55
269,1729,2015/2016,12,2015-11-07 00:00:00,1988825,10260,8659,2,0,299215;41468,,1,4,5,1,5,1,6,2,19,12,70,30
270,1729,2015/2016,13,2015-11-21 00:00:00,1988838,9817,10260,1,2,303824;72436,164676,1,2,4,10,7,6,2,6,11,18,43,57
271,1729,2015/2016,14,2015-11-28 00:00:00,1988843,8197,10260,1,1,286119;30872,43061;161012,0,1,1,8,3,6,3,4,14,22,32,68
272,1729,2015/2016,15,2015-12-05 00:00:00,1988853,10260,8654,0,0,,,1,0,6,2,7,5,12,6,25,12,63,37
273,1729,2015/2016,16,2015-12-12 00:00:00,1988861,8678,10260,2,1,160496;39618;185236,155913,2,1,5,7,4,6,7,3,12,20,43,57
274,1729,2015/2016,17,2015-12-19 00:00:00,1988873,10260,9850,1,2,31953;40100;413557,201664;31953;30829,0,2,11,0,6,2,6,2,46,9,50,50
275,1729,2015/2016,18,2015-12-26 00:00:00,1988887,10194,10260,2,0,96643;110148,34036,1,2,1,12,4,8,8,2,9,22,42,58
276,1729,2015/2016,19,2015-12-28 00:00:00,1988894,10260,8455,0,0,,,4,2,5,3,6,3,5,5,23,10,67,33
277,1729,2015/2016,2,2015-08-14 00:00:00,1987078,10252,10260,0,1,449241,41468,2,2,3,5,2,3,3,5,12,6,46,54
278,1729,2015/2016,20,2016-01-02 00:00:00,1988904,10260,10003,2,1,413557;157729;30829,23354;313668;413557,2,1,4,2,10,5,6,3,18,11,56,44
279,1729,2015/2016,21,2016-01-12 00:00:00,1988916,10261,10260,3,3,30829;299215;108038;351860;30829;308932,30829;351860,1,3,5,3,6,3,4,5,21,12,54,46
280,1729,2015/2016,22,2016-01-17 00:00:00,1988923,8650,10260,0,1,30829,,0,2,5,4,10,1,10,5,16,12,53,47
281,1729,2015/2016,23,2016-01-23 00:00:00,1988934,10260,8466,0,1,187266,279490,0,0,4,4,3,1,6,5,13,16,56,44
282,1729,2015/2016,24,2016-02-02 00:00:00,1988947,10260,10194,3,0,299215;413557;30829,693138;30829;413557,2,1,2,5,6,3,7,7,16,18,45,55
283,1729,2015/2016,25,2016-02-07 00:00:00,1988952,8455,10260,1,1,299215;19243,30829,0,3,10,11,10,12,5,5,26,24,48,52
284,1729,2015/2016,26,2016-02-13 00:00:00,1988968,8472,10260,2,1,166019;413557,,2,3,6,8,9,8,11,3,10,20,34,66
285,1729,2015/2016,27,2016-02-28 00:00:00,1988972,10260,9825,3,2,696365;696365;113836;164676;36378,299215;36378;696365,4,3,2,3,3,6,1,3,8,20,39,61
286,1729,2015/2016,28,2016-03-02 00:00:00,1988988,10260,9817,1,0,41468,,1,2,9,7,7,5,5,9,18,16,62,38
287,1729,2015/2016,29,2016-03-06 00:00:00,1988999,8659,10260,1,0,51545,38795,1,2,4,5,7,5,6,3,17,15,50,50
288,1729,2015/2016,3,2015-08-22 00:00:00,1988734,10260,10261,0,0,,,2,2,11,5,16,3,4,3,29,12,69,31
289,1729,2015/2016,30,2016-04-20 00:00:00,1989005,10260,9826,2,0,46820,,1,2,10,2,12,4,3,1,26,14,60,40
290,1729,2015/2016,31,2016-03-20 00:00:00,1989013,8456,10260,0,1,696365,41468,1,1,11,5,6,4,15,0,20,9,55,45
291,1729,2015/2016,32,2016-04-03 00:00:00,1989025,10260,8668,1,0,413557,639058,2,0,5,5,5,7,3,2,14,15,48,52
292,1729,2015/2016,33,2016-04-10 00:00:00,1989037,8586,10260,3,0,363333;160599;174850,157723;174850;46353,3,3,2,7,7,2,6,4,14,15,45,55
293,1729,2015/2016,34,2016-04-16 00:00:00,1989045,10260,10252,1,0,696365,35327,0,1,14,3,4,2,7,5,27,11,65,35
294,1729,2015/2016,35,2016-05-10 00:00:00,1989059,8654,10260,3,2,192899;413557;413557;158545;35110,210276;41468;696365;25496;25496,1,3,6,2,6,1,13,1,24,13,47,53
295,1729,2015/2016,36,2016-05-01 00:00:00,1989063,10260,8197,1,1,413557;23571,35327;173317,3,2,6,5,17,4,6,11,38,16,67,33
296,1729,2015/2016,37,2016-05-07 00:00:00,1989076,9850,10260,0,1,41468,30829,1,0,1,6,6,8,4,8,18,16,33,67
297,1729,2015/2016,38,2016-05-17 00:00:00,1987600,10260,8678,3,1,30829;696365;23354,413557;35327;30829,1,0,7,1,5,5,4,2,16,5,68,32
298,1729,2015/2016,4,2015-08-30 00:00:00,1988748,10003,10260,2,1,41468;95955;26344,362694;157729;95955,2,2,0,1,3,5,4,5,7,25,36,64
299,1729,2015/2016,5,2015-09-12 00:00:00,1988754,10260,8650,3,1,161012;164676;148315;413557,41468;23354,1,2,4,4,3,3,3,4,15,7,56,44
300,1729,2015/2016,6,2015-09-20 00:00:00,1988766,8466,10260,2,3,41280;413557;413557;41468;41280,303339,2,0,5,5,7,1,5,6,21,6,41,59
301,1729,2015/2016,7,2015-09-26 00:00:00,1988772,10260,8472,3,0,303824;30829;41468,41468;413557,0,3,5,2,8,7,4,1,12,5,66,34
302,1729,2015/2016,8,2015-10-04 00:00:00,1988780,9825,10260,3,0,50047;36378;50047,36378;31013;31013,1,3,3,6,4,5,5,3,5,22,38,62
303,1729,2015/2016,9,2015-10-17 00:00:00,1988792,8668,10260,0,3,46893;164676;30829,165823;161035;164676,2,2,5,3,10,6,7,2,11,15,47,53
